609.6,711.2,965.2
685.8,685.8,939.8
482.6,635,889
482.6,635,889
558.8,584.2,812.8
482.6,533.4,838.2
533.4,558.8,863.6
508,609.6,876.3
533.4,609.6,889
533.4,609.6,939.8
584.2,609.6,939.8
444.5,419.1,977.9
444.5,419.1,977.9
444.5,419.1,977.9
436.9,553.7,863.6
533.4,546.1,863.6
520.7,604.5,817.9
469.9,553.7,914.4
469.9,553.7,914.4
538.5,528.3,868.7
558.8,558.8,711.2
520.7,596.9,736.6
508,452.1,787.4
508,452.1,787.4
469.9,520.7,833.1
528.3,622.3,850.9
563.9,660.4,850.9
558.8,609.6,876.3
558.8,609.6,876.3
558.8,609.6,876.3
457.2,584.2,876.3
457.2,584.2,876.3
457.2,584.2,876.3
457.2,584.2,876.3
457.2,584.2,876.3
457.2,584.2,876.3
457.2,584.2,876.3
457.2,584.2,876.3
457.2,584.2,876.3
457.2,584.2,876.3
457.2,584.2,876.3
457.2,584.2,876.3
457.2,584.2,876.3
457.2,584.2,876.3
457.2,584.2,876.3
584.2,558.8,711.2
584.2,558.8,711.2
584.2,558.8,711.2
584.2,558.8,711.2
584.2,558.8,711.2
584.2,558.8,711.2
584.2,558.8,711.2
584.2,558.8,711.2
584.2,558.8,711.2
584.2,558.8,711.2
584.2,558.8,711.2
584.2,558.8,711.2
584.2,558.8,711.2
584.2,558.8,711.2
584.2,558.8,711.2
584.2,558.8,711.2
584.2,558.8,711.2
469.9,520.7,833.1
469.9,520.7,833.1
469.9,520.7,1905
469.9,520.7,833.1
469.9,520.7,833.1
469.9,520.7,833.1
469.9,520.7,833.1
469.9,520.7,833.1
469.9,520.7,833.1
469.9,520.7,833.1
469.9,520.7,833.1
520.7,604.5,817.9
520.7,604.5,817.9
558.8,584.2,812.8
381,436.9,838.2
381,436.9,838.2
381,436.9,838.2
381,436.9,838.2
487.7,563.9,1003.3
457.2,584.2,876.3
482.6,558.8,990.6
482.6,635,889
520.7,604.5,817.9
502.9,589.3,792.5
457.2,457.2,889
411.5,538.5,876.3
444.5,487.7,901.7
444.5,487.7,901.7
495.3,647.7,985.5
495.3,647.7,985.5
563.9,558.8,817.9
680.7,622.3,812.8
520.7,622.3,850.9
419.1,538.5,901.7
419.1,538.5,901.7
546.1,546.1,800.1
546.1,546.1,800.1
629.9,665.5,833.1
629.9,665.5,833.1
457.2,558.8,914.4
457.2,558.8,914.4
457.2,558.8,914.4
579.1,546.1,1054.1
520.7,604.5,817.9
520.7,604.5,817.9
520.7,604.5,817.9
553.7,596.9,850.9
553.7,596.9,850.9
553.7,596.9,850.9
452.1,457.2,812.8
520.7,604.5,817.9
520.7,604.5,817.9
502.9,629.9,914.4
508,502.9,817.9
508,452.1,787.4
508,452.1,787.4
685.8,876.3,990.6
685.8,876.3,990.6
482.6,635,939.8
482.6,635,939.8
508,449.6,787.4
381,436.9,838.2
469.9,553.7,914.4
502.9,589.3,787.4
444.5,419.1,977.9
444.5,419.1,977.9
444.5,419.1,977.9
444.5,419.1,977.9
444.5,419.1,977.9
444.5,419.1,977.9
444.5,419.1,977.9
444.5,419.1,977.9
444.5,419.1,977.9
482.6,558.8,990.6
533.4,635,965.2
533.4,635,965.2
609.6,635,965.2
609.6,635,965.2
457.2,457.2,889
520.7,558.8,520.7
